"accesion","train_CPPT"
"And_600",1.47286902521314
"And_686",8.03541666666667
"And_226",1.38136755161483
"And_336",3.92539011199941
"And_16",1.93219060516502
"And_56",0.977575950662645
"And_521",0.447217105956121
"And_167",2.59899525808458
"And_492",10.8750726877803
"And_94",4.23634378327069
"And_37",1.72792667644343
"And_588",3.84851475749005
"And_458",2.95474683193101
"And_249",2.37774554959577
"And_160",2.0823569278009
"And_385",1.82530625215708
"And_646",0.520300065859845
"And_491",3.7722906392
"And_296",2.03514971258308
"And_463",1.1095971141725
"And_347",0.483822643043803
"And_527",0.851709609035617
"And_369",1.05343625721736
"And_239",1.51881919358266
"And_507",3.83502305503612
"And_375",5.19728389877565
"And_337",1.62476700006551
"And_406",1.55062643341929
"And_7",3.88400900900901
"And_129",1.64530483061377
"And_234",1.51214455757978
"And_454",1.47286902521314
"And_500",0.601448669356015
"And_83",0.891970258021112
"And_431",2.60742381840796
"And_342",2.20891831072268
"And_65",3.27437712985886
"And_332",3.98098735871261
"And_300",2.37774554959577
"And_477",1.99516574585635
"And_88",4.42214648074885
"And_670",20.7939698492462
"And_285",2.99701060668878
"And_5",3.23476362952539
"And_661",1.7841078718644
"And_599",2.7248929341856
"And_522",1.52324571012308
"And_13",1.179299481494
"And_570",1.21564312931716
"And_67",1.72125333899519
"And_322",1.32464555070558
"And_669",20.7939698492462
"And_112",2.27574061583331
"And_164",2.81879111255358
"And_691",3.88400900900901
"And_577",12.1765897942956
"And_181",1.23382112632329
"And_668",1.99516574585635
"And_28",3.23476362952539
"And_378",1.48251027549543
"And_446",1.32566431456472
"And_642",0.542442900428052
"And_212",1.10048105252398
"And_39",1.33096000869654
"And_286",8.49262715813031
"And_673",1.99516574585635
"And_209",0.856119390524727
"And_229",3.27437712985886
"And_389",2.04657315793668
"And_98",2.78611886230153
"And_456",0.845378976043795
"And_168",3.47287335274269
"And_418",1.88036323789705
"And_2",2.04690384762209
"And_246",0.910572196693661
"And_594",2.04690384762209
"And_74",1.4521172150148
"And_205",7.07131741174805
"And_126",2.19762414284838
"And_136",1.64130833537409
"And_199",2.35685559328202
"And_217",1.19029668084765
"And_195",1.72318859761024
"And_383",0.933972418873481
"And_248",1.50168338955589
"And_43",1.22981728481594
"And_542",0.90015853142925
"And_334",1.78632490813994
"And_157",2.59899525808458
"And_601",1.27925827568533
"And_257",1.50168338955589
"And_487",1.6853642637682
"And_404",2.59899525808458
"And_18",1.85678653754481
"And_216",0.873852443603825
"And_652",2.17460585585586
"And_622",2.99701060668878
"And_505",2.22942636514065
"And_397",3.08494528261793
"And_502",1.93445292668359
"And_306",0.968495062740194
"And_138",1.3849261942346
"And_386",2.30724536823253
"And_30",2.99310251985591
"And_258",1.61750214663001
"And_655",0.837535453536835
"And_124",2.30912534635525
"And_591",1.47286902521314
"And_311",3.84851475749005
"And_544",0.978274450136959
"And_1",4.33675240956863
"And_367",3.88400900900901
"And_523",1.16859227357158
"And_146",1.77132121964745
"And_319",0.499668903125395
"And_184",3.40040673561305
"And_62",5.07715482121895
"And_29",10.3648944621159
"And_626",2.35554766248807
"And_614",1.73164000344349
"And_196",3.84851475749005
"And_253",3.90755791564394
"And_572",1.99516574585635
"And_237",1.76655636034229
"And_252",1.03833069146084
"And_574",1.63370455306574
"And_109",3.92539011199941
"And_619",0.932349642021629
"And_427",2.92477706738457
"And_400",2.04690384762209
"And_496",1.2163737569705
"And_532",1.99516574585635
"And_273",2.20891831072268
"And_517",2.22225956661358
"And_23",3.26463432000314
"And_590",0.91695055560387
"And_17",2.57214493829197
"And_636",1.22981728481594
"And_240",1.51881919358266
"And_75",0.579831886533462
"And_667",4.39427860696517
"And_582",1.64530483061377
"And_64",3.92539011199941
"And_261",2.13458531124104
"And_543",1.99516574585635
"And_282",3.84851475749005
"And_22",3.88400900900901
"And_630",4.90624345275508
"And_576",1.5956211981212
"And_78",0.53909447885935
"And_174",5.19728389877565
"And_468",1.63370455306574
"And_634",1.49871732553449
"And_540",2.25382900631544
"And_275",2.75273698140796
"And_609",1.50346686465471
"And_561",0.542442900428052
"And_200",1.82768473587591
"And_548",12.583660193717
"And_169",1.81772725852683
"And_81",1.50362754642606
"And_377",3.98098735871261
"And_595",3.76071411504221
"And_289",1.13332097617445
"And_466",3.14753972484516
"And_692",32.6201550387597
"And_346",2.98612292384233
"And_233",0.733554442901501
"And_583",3.88400900900901
"And_76",2.22890221701322
"And_312",3.27437712985886
"And_193",1.02485940588066
"And_108",4.23634378327069
"And_262",1.93523291776324
"And_360",1.14520346643027
"And_425",1.51417016688004
"And_514",1.50362754642606
"And_508",2.59899525808458
"And_593",2.04690384762209
"And_565",4.90786223568784
"And_586",1.99770505278882
"And_379",2.0823569278009
"And_422",1.37058596347543
"And_531",0.490870291695782
"And_189",1.90787643105285
"And_87",3.03302641170552
"And_133",2.9251671099173
"And_357",6.66653080205402
"And_433",2.30724536823253
"And_85",4.31801431070365
"And_58",1.84253585916571
"And_351",3.88400900900901
"And_276",1.99516574585635
"And_654",2.99701060668878
"And_554",2.22225956661358
"And_297",0.733554442901501
"And_656",2.76235668360668
"And_279",1.14520346643027
"And_354",1.64530483061377
"And_512",0.733554442901501
"And_11",0.96960298819458
"And_372",1.2163737569705
"And_434",2.01912471563125
"And_95",1.6853642637682
"And_541",2.36236320266636
"And_186",1.64530483061377
"And_86",0.875076183975158
"And_341",6.46944918451314
"And_139",1.41860526990943
"And_604",2.99701060668878
"And_298",0.683746797922817
"And_25",3.84851475749005
"And_663",0.969793688716341
"And_462",2.04690384762209
"And_489",3.26463432000314
"And_580",1.14754343966922
"And_485",1.24525977306674
"And_467",2.48976799675094
"And_50",1.77132121964745
"And_188",1.77132121964745
"And_210",1.44601931751472
"And_225",1.14520346643027
"And_72",1.23746976258026
"And_414",2.48976799675094
"And_122",1.24525977306674
"And_430",2.42096342268251
"And_612",3.27437712985886
"And_625",4.20755883063296
"And_70",2.28805426267245
"And_266",0.239971740296712
"And_313",1.03615166053236
"And_615",1.45065997308401
"And_471",3.88400900900901
"And_550",1.47286902521314
"And_163",0.216628803672723
"And_610",1.45065997308401
"And_384",2.82938225941258
"And_436",2.8898810872801
"And_154",2.37774554959577
"And_402",0.718991445271782
"And_373",1.34455585990807
"And_166",1.43570388542249
"And_428",4.3600013504358
"And_263",4.64875462086385
"And_569",0.90015853142925
"And_9",1.09736108820538
"And_703",4.39427860696517
"And_371",0.648307417827128
"And_182",3.27437712985886
"And_204",2.30724536823253
"And_148",1.61750214663001
"And_648",3.32556611844403
"And_597",1.45065997308401
"And_140",2.60742381840796
"And_247",1.1095971141725
"And_327",3.07985017641699
"And_170",2.04690384762209
"And_208",1.98797800716324
"And_288",1.51881919358266
"And_410",3.88400900900901
"And_481",1.51491075665435
"And_144",1.1774569812067
"And_453",1.2703720398022
"And_55",20.1497613467298
"And_119",1.23382112632329
"And_93",0.259077681264967
"And_176",1.88036323789705
"And_90",1.24525977306674
"And_560",2.42096342268251
"And_27",1.91187928562777
"And_348",2.00256414773119
"And_318",1.38125290216986
"And_51",0.860530165432717
"And_8",1.01380407365399
"And_54",1.12341038233303
"And_680",4.39427860696517
"And_178",1.2163737569705
"And_89",1.43086084476475
"And_639",7.03944453964834
"And_222",1.99516574585635
"And_330",0.718839486810646
"And_449",1.40370977066042
"And_143",2.42096342268251
"And_440",0.923092275256474
"And_423",2.17547099112398
"And_329",0.968495062740194
"And_513",1.33096000869654
"And_323",1.88665554876711
"And_641",2.25440493860747
"And_501",2.64937734837103
"And_575",2.76146687095535
"And_483",2.04690384762209
"And_3",1.47013206548083
"And_268",3.27437712985886
"And_539",2.82922585888849
"And_429",2.59899525808458
"And_559",2.48976799675094
"And_194",1.99516574585635
"And_515",2.04690384762209
"And_198",1.52324571012308
"And_525",1.9206657849284
"And_486",1.64530483061377
"And_303",0.586362843098253
"And_326",1.61750214663001
"And_92",3.47057196731615
"And_376",1.77132121964745
"And_45",0.984881136687569
"And_558",3.14753972484516
"And_362",0.648307417827128
"And_584",1.45065997308401
"And_393",1.08831068424743
"And_445",0.692024540763143
"And_344",1.99516574585635
"And_547",2.59899525808458
"And_498",3.27437712985886
"And_12",1.08831068424743
"And_299",2.35685559328202
"And_235",1.61750214663001
"And_69",1.53314072241282
"And_476",3.27117294387438
"And_562",0.662142864815517
"And_635",2.31882058907224
"And_368",2.38396971721919
"And_611",1.45065997308401
"And_274",6.7746399588304
"And_308",2.48976799675094
"And_380",0.958605216661516
"And_474",1.63370455306574
"And_173",3.84851475749005
"And_172",0.733554442901501
"And_545",1.10590412563827
"And_134",0.586794470652932
"And_202",2.48976799675094
"And_503",1.99516574585635
"And_315",4.23634378327069
"And_153",2.09373723653691
"And_278",4.59472185470269
"And_551",1.03446873284548
"And_426",2.08439748050289
"And_333",1.97271905621806
"And_537",3.52367716256836
"And_607",1.00594268522254
"And_242",2.59899525808458
"And_640",2.35554766248807
"And_256",1.99516574585635
"And_365",2.75830866057146
"And_155",3.32556611844403
"And_528",3.23476362952539
"And_353",2.04690384762209
"And_624",1.25176592120061
"And_534",2.37774554959577
"And_361",2.04690384762209
"And_251",1.83714158055875
"And_201",1.10162415170444
"And_128",0.987937428264974
"And_697",1.99516574585635
"And_567",0.843660379469097
"And_142",1.11162086759561
"And_650",1.95136290675003
"And_302",2.20891831072268
"And_180",1.88036323789705
"And_388",0.403730000328434
"And_20",1.82768473587591
"And_479",3.88400900900901
"And_26",1.2279065205987
"And_99",0.476214802122771
"And_159",5.73793895936753
"And_480",1.78281894242605
"And_221",1.36980597239578
"And_40",2.64937734837103
"And_314",1.88665554876711
"And_617",3.88400900900901
"And_123",1.24525977306674
"And_47",3.88400900900901
"And_14",0.686412130926732
"And_84",0.923092275256474
"And_432",1.64530483061377
"And_571",1.6853642637682
"And_493",1.93445292668359
"And_459",5.95940936352727
"And_244",2.37774554959577
"And_415",3.88400900900901
"And_538",1.07259433682988
"And_41",2.86059060630489
"And_555",1.78632490813994
"And_578",1.25176592120061
"And_350",3.14753972484516
"And_602",1.99516574585635
"And_10",2.37774554959577
"And_321",5.63565032146972
"And_104",2.66388150463897
"And_394",1.50168338955589
"And_647",1.14222111570526
"And_284",0.476214802122771
"And_457",0.529453612916809
"And_4",0.743428142002146
"And_63",0.812215700450704
"And_412",1.88036323789705
"And_633",2.8713275126113
"And_557",1.51417016688004
"And_116",0.972874226791401
"And_179",0.973854651278034
"And_504",2.09373723653691
"And_685",1.99516574585635
"And_472",1.53314072241282
"And_579",2.70061175803938
"And_689",3.88400900900901
"And_117",1.37301826783392
"And_213",4.46710201351827
"And_120",1.50168338955589
"And_405",1.99516574585635
"And_232",2.32472628491585
"And_338",0.718839486810646
"And_511",1.56010796171359
"And_107",2.18510774320141
"And_403",2.09373723653691
"And_524",2.79122275612436
